"FIPS","Year","Age Range","Pop","MOE"
"09",2010,"Total",3545837,0
"0900104720",2010,"Total",18377,27
"0900108070",2010,"Total",142576,45
"0900108980",2010,"Total",16214,25
"0900118500",2010,"Total",79371,40
"0900118850",2010,"Total",20414,37
"0900123890",2010,"Total",7403,23
"0900126620",2010,"Total",58727,41
"0900133620",2010,"Total",60809,61
"0900148620",2010,"Total",19316,29
"0900150580",2010,"Total",19564,36
"0900150860",2010,"Total",13800,30
"0900152980",2010,"Total",26957,35
"0900156060",2010,"Total",84611,43
"0900163480",2010,"Total",8945,22
"0900163970",2010,"Total",24299,43
"0900168170",2010,"Total",39061,24
"0900168310",2010,"Total",3604,14
"0900173070",2010,"Total",120907,42
"0900174190",2010,"Total",50821,32
"0900177200",2010,"Total",35495,41
"0900183430",2010,"Total",10088,22
"0900183500",2010,"Total",26109,27
"0900186370",2010,"Total",17874,26
"0900302060",2010,"Total",17678,25
"0900304300",2010,"Total",19591,45
"0900305910",2010,"Total",20334,28
"0900308490",2010,"Total",60466,35
"0900310100",2010,"Total",9103,28
"0900312270",2010,"Total",10037,20
"0900322070",2010,"Total",5161,113
"0900322630",2010,"Total",50974,38
"0900324800",2010,"Total",10921,32
"0900325990",2010,"Total",44794,29
"0900327600",2010,"Total",25067,23
"0900331240",2010,"Total",33984,28
"0900332640",2010,"Total",11124,26
"0900337070",2010,"Total",124760,80
"0900337140",2010,"Total",2009,112
"0900344700",2010,"Total",57650,78
"0900345820",2010,"Total",6287,22
"0900350440",2010,"Total",72954,37
"0900352140",2010,"Total",30361,34
"0900360120",2010,"Total",17625,34
"0900365370",2010,"Total",19418,32
"0900368940",2010,"Total",23477,27
"0900370550",2010,"Total",42491,26
"0900371390",2010,"Total",25476,48
"0900374540",2010,"Total",15357,25
"0900382590",2010,"Total",62898,57
"0900384900",2010,"Total",26613,34
"0900387000",2010,"Total",28947,87
"0900387070",2010,"Total",12419,27
"0900502760",2010,"Total",3781,53
"0900504930",2010,"Total",3595,19
"0900508210",2010,"Total",1708,114
"0900510940",2010,"Total",1161,107
"0900516050",2010,"Total",1361,92
"0900517240",2010,"Total",1589,210
"0900532290",2010,"Total",2950,18
"0900537280",2010,"Total",5618,18
"0900540290",2010,"Total",2981,18
"0900543370",2010,"Total",8512,26
"0900549460",2010,"Total",2461,256
"0900551350",2010,"Total",6868,30
"0900552630",2010,"Total",28159,29
"0900553470",2010,"Total",1669,168
"0900554030",2010,"Total",3354,34
"0900560750",2010,"Total",12213,39
"0900565930",2010,"Total",2239,164
"0900566420",2010,"Total",3810,19
"0900567960",2010,"Total",2837,18
"0900575730",2010,"Total",7873,20
"0900576570",2010,"Total",36423,42
"0900579510",2010,"Total",1480,155
"0900579720",2010,"Total",3622,23
"0900580490",2010,"Total",22522,26
"0900586440",2010,"Total",11221,18
"0900587910",2010,"Total",9909,20
"0900700000",2010,"Total",0,123
"0900714300",2010,"Total",3976,16
"0900715350",2010,"Total",13316,22
"0900718080",2010,"Total",13888,22
"0900719130",2010,"Total",4644,38
"0900720810",2010,"Total",7293,18
"0900722280",2010,"Total",9038,19
"0900722490",2010,"Total",12891,20
"0900726270",2010,"Total",6686,29
"0900735230",2010,"Total",8185,23
"0900740710",2010,"Total",6487,40
"0900747080",2010,"Total",4413,18
"0900747360",2010,"Total",47349,47
"0900757320",2010,"Total",10326,21
"0900761800",2010,"Total",9422,28
"0900781680",2010,"Total",6860,27
"0900900000",2010,"Total",0,123
"0900901220",2010,"Total",19163,45
"0900903250",2010,"Total",5909,18
"0900904580",2010,"Total",5467,34
"0900907310",2010,"Total",28194,31
"0900914160",2010,"Total",29183,25
"0900919550",2010,"Total",12826,20
"0900922910",2010,"Total",29074,26
"0900934950",2010,"Total",22222,35
"0900935650",2010,"Total",60293,32
"0900944560",2010,"Total",18229,33
"0900946520",2010,"Total",60484,49
"0900946940",2010,"Total",7390,34
"0900947535",2010,"Total",52753,38
"0900949950",2010,"Total",31746,29
"0900952070",2010,"Total",128885,39
"0900953890",2010,"Total",14331,23
"0900954870",2010,"Total",23927,36
"0900957600",2010,"Total",13831,46
"0900958300",2010,"Total",12192,30
"0900962290",2010,"Total",9282,34
"0900967610",2010,"Total",16367,23
"0900969640",2010,"Total",19690,22
"0900978740",2010,"Total",44786,48
"0900980070",2010,"Total",109941,40
"0900982870",2010,"Total",55070,44
"0900987560",2010,"Total",16446,38
"0900987700",2010,"Total",9007,33
"0901100000",2010,"Total",0,123
"0901106820",2010,"Total",2590,24
"0901115910",2010,"Total",15849,20
"0901123400",2010,"Total",19067,28
"0901129910",2010,"Total",1924,121
"0901133900",2010,"Total",11774,22
"0901134250",2010,"Total",40254,32
"0901142390",2010,"Total",7253,17
"0901142600",2010,"Total",15023,24
"0901143230",2010,"Total",4306,20
"0901144210",2010,"Total",2323,116
"0901148900",2010,"Total",19469,27
"0901152350",2010,"Total",27496,32
"0901155500",2010,"Total",5252,25
"0901156270",2010,"Total",39843,52
"0901157040",2010,"Total",7589,19
"0901162150",2010,"Total",4721,36
"0901166210",2010,"Total",4107,18
"0901171670",2010,"Total",2990,17
"0901173770",2010,"Total",18497,37
"0901178600",2010,"Total",2603,27
"0901180280",2010,"Total",19430,24
"0901301080",2010,"Total",3246,137
"0901306260",2010,"Total",5023,17
"0901316400",2010,"Total",5425,32
"0901317800",2010,"Total",12354,24
"0901325360",2010,"Total",15228,28
"0901337910",2010,"Total",9571,26
"0901344910",2010,"Total",25855,20
"0901369220",2010,"Total",11378,26
"0901372090",2010,"Total",12046,33
"0901376290",2010,"Total",14809,21
"0901377830",2010,"Total",865,138
"0901378250",2010,"Total",29205,23
"0901385950",2010,"Total",6068,21
"0901501430",2010,"Total",4320,25
"0901509190",2010,"Total",8093,33
"0901512130",2010,"Total",5091,19
"0901513810",2010,"Total",2362,155
"0901521860",2010,"Total",1626,107
"0901536000",2010,"Total",1864,118
"0901540500",2010,"Total",17347,30
"0901559980",2010,"Total",15384,20
"0901561030",2010,"Total",4197,20
"0901562710",2010,"Total",9564,39
"0901567400",2010,"Total",1771,133
"0901573420",2010,"Total",3727,16
"0901575870",2010,"Total",9434,22
"0901586790",2010,"Total",25036,54
"0901588190",2010,"Total",7892,17
"09",2011,"Total",3558172,0
"0900104720",2011,"Total",18493,38
"0900108070",2011,"Total",143412,62
"0900108980",2011,"Total",16339,27
"0900118500",2011,"Total",80101,43
"0900118850",2011,"Total",20580,51
"0900123890",2011,"Total",7452,20
"0900126620",2011,"Total",59078,30
"0900133620",2011,"Total",61023,32
"0900148620",2011,"Total",19398,47
"0900150580",2011,"Total",19642,46
"0900150860",2011,"Total",13847,34
"0900152980",2011,"Total",27235,25
"0900156060",2011,"Total",85145,60
"0900163480",2011,"Total",9058,49
"0900163970",2011,"Total",24469,35
"0900168170",2011,"Total",39310,37
"0900168310",2011,"Total",3598,16
"0900173070",2011,"Total",121784,41
"0900174190",2011,"Total",51116,37
"0900177200",2011,"Total",35752,31
"0900183430",2011,"Total",10142,22
"0900183500",2011,"Total",26249,42
"0900186370",2011,"Total",17973,24
"0900302060",2011,"Total",17859,25
"0900304300",2011,"Total",19694,34
"0900305910",2011,"Total",20406,28
"0900308490",2011,"Total",60473,36
"0900310100",2011,"Total",9191,19
"0900312270",2011,"Total",10139,26
"0900322070",2011,"Total",5055,156
"0900322630",2011,"Total",51091,48
"0900324800",2011,"Total",11024,21
"0900325990",2011,"Total",44747,34
"0900327600",2011,"Total",25186,25
"0900331240",2011,"Total",34171,29
"0900332640",2011,"Total",11192,26
"0900337070",2011,"Total",124817,105
"0900337140",2011,"Total",2158,157
"0900344700",2011,"Total",57897,45
"0900345820",2011,"Total",6335,19
"0900350440",2011,"Total",73055,52
"0900352140",2011,"Total",30441,29
"0900360120",2011,"Total",17670,22
"0900365370",2011,"Total",19533,33
"0900368940",2011,"Total",23498,31
"0900370550",2011,"Total",42731,30
"0900371390",2011,"Total",25577,33
"0900374540",2011,"Total",15513,28
"0900382590",2011,"Total",63066,34
"0900384900",2011,"Total",26641,34
"0900387000",2011,"Total",28962,57
"0900387070",2011,"Total",12466,41
"0900502760",2011,"Total",3783,26
"0900504930",2011,"Total",3596,16
"0900508210",2011,"Total",1790,101
"0900510940",2011,"Total",1183,122
"0900516050",2011,"Total",1395,97
"0900517240",2011,"Total",1469,207
"0900532290",2011,"Total",2957,18
"0900537280",2011,"Total",5618,28
"0900540290",2011,"Total",2982,29
"0900543370",2011,"Total",8484,23
"0900549460",2011,"Total",2411,228
"0900551350",2011,"Total",6901,21
"0900552630",2011,"Total",28122,28
"0900553470",2011,"Total",1574,168
"0900554030",2011,"Total",3329,14
"0900560750",2011,"Total",12218,21
"0900565930",2011,"Total",2315,178
"0900566420",2011,"Total",3783,24
"0900567960",2011,"Total",2804,26
"0900575730",2011,"Total",7862,31
"0900576570",2011,"Total",36380,32
"0900579510",2011,"Total",1531,139
"0900579720",2011,"Total",3586,39
"0900580490",2011,"Total",22502,26
"0900586440",2011,"Total",11216,20
"0900587910",2011,"Total",9928,26
"0900700000",2011,"Total",0,92
"0900714300",2011,"Total",3984,17
"0900715350",2011,"Total",13291,37
"0900718080",2011,"Total",13951,29
"0900719130",2011,"Total",4652,21
"0900720810",2011,"Total",7342,25
"0900722280",2011,"Total",9069,54
"0900722490",2011,"Total",12926,18
"0900726270",2011,"Total",6697,19
"0900735230",2011,"Total",8267,38
"0900740710",2011,"Total",6499,20
"0900747080",2011,"Total",4418,21
"0900747360",2011,"Total",47510,38
"0900757320",2011,"Total",10307,28
"0900761800",2011,"Total",9470,20
"0900781680",2011,"Total",6891,37
"0900900000",2011,"Total",0,92
"0900901220",2011,"Total",19193,36
"0900903250",2011,"Total",5969,22
"0900904580",2011,"Total",5513,21
"0900907310",2011,"Total",28099,52
"0900914160",2011,"Total",29200,31
"0900919550",2011,"Total",12845,30
"0900922910",2011,"Total",29151,53
"0900934950",2011,"Total",22272,41
"0900935650",2011,"Total",60547,36
"0900944560",2011,"Total",18243,34
"0900946520",2011,"Total",60608,37
"0900946940",2011,"Total",7459,18
"0900947535",2011,"Total",52732,31
"0900949950",2011,"Total",31778,26
"0900952070",2011,"Total",129213,51
"0900953890",2011,"Total",14356,20
"0900954870",2011,"Total",23981,38
"0900957600",2011,"Total",13884,26
"0900958300",2011,"Total",12384,25
"0900962290",2011,"Total",9335,20
"0900967610",2011,"Total",16442,36
"0900969640",2011,"Total",19778,36
"0900978740",2011,"Total",44929,39
"0900980070",2011,"Total",110075,39
"0900982870",2011,"Total",55249,43
"0900987560",2011,"Total",16532,38
"0900987700",2011,"Total",8992,20
"0901100000",2011,"Total",0,92
"0901106820",2011,"Total",2603,20
"0901115910",2011,"Total",15929,20
"0901123400",2011,"Total",19080,53
"0901129910",2011,"Total",1958,121
"0901133900",2011,"Total",11837,20
"0901134250",2011,"Total",40190,51
"0901142390",2011,"Total",7268,17
"0901142600",2011,"Total",15016,38
"0901143230",2011,"Total",4322,34
"0901144210",2011,"Total",2327,124
"0901148900",2011,"Total",19505,37
"0901152350",2011,"Total",27550,36
"0901155500",2011,"Total",5272,22
"0901156270",2011,"Total",40085,33
"0901157040",2011,"Total",7583,28
"0901162150",2011,"Total",4729,27
"0901166210",2011,"Total",4118,24
"0901171670",2011,"Total",2983,14
"0901173770",2011,"Total",18482,47
"0901178600",2011,"Total",2603,24
"0901180280",2011,"Total",19451,26
"0901301080",2011,"Total",3143,174
"0901306260",2011,"Total",5006,17
"0901316400",2011,"Total",5449,32
"0901317800",2011,"Total",12402,29
"0901325360",2011,"Total",15394,21
"0901337910",2011,"Total",9620,15
"0901344910",2011,"Total",26130,23
"0901369220",2011,"Total",11385,61
"0901372090",2011,"Total",12055,34
"0901376290",2011,"Total",14931,56
"0901377830",2011,"Total",990,171
"0901378250",2011,"Total",29199,34
"0901385950",2011,"Total",6070,40
"0901501430",2011,"Total",4309,26
"0901509190",2011,"Total",8132,21
"0901512130",2011,"Total",5109,16
"0901513810",2011,"Total",2481,121
"0901521860",2011,"Total",1602,116
"0901536000",2011,"Total",1847,101
"0901540500",2011,"Total",17358,24
"0901559980",2011,"Total",15383,26
"0901561030",2011,"Total",4229,38
"0901562710",2011,"Total",9561,20
"0901567400",2011,"Total",1694,122
"0901573420",2011,"Total",3769,17
"0901575870",2011,"Total",9446,28
"0901586790",2011,"Total",25129,25
"0901588190",2011,"Total",7922,15
"09",2012,"Total",3572213,0
"0900104720",2012,"Total",18704,32
"0900108070",2012,"Total",144446,48
"0900108980",2012,"Total",16487,29
"0900118500",2012,"Total",81057,95
"0900118850",2012,"Total",20758,29
"0900123890",2012,"Total",7501,19
"0900126620",2012,"Total",59562,45
"0900133620",2012,"Total",61428,94
"0900148620",2012,"Total",19529,26
"0900150580",2012,"Total",19794,23
"0900150860",2012,"Total",13932,23
"0900152980",2012,"Total",27543,30
"0900156060",2012,"Total",85853,64
"0900163480",2012,"Total",9148,29
"0900163970",2012,"Total",24648,76
"0900168170",2012,"Total",39641,45
"0900168310",2012,"Total",3615,33
"0900173070",2012,"Total",122878,44
"0900174190",2012,"Total",51440,37
"0900177200",2012,"Total",36008,29
"0900183430",2012,"Total",10203,25
"0900183500",2012,"Total",26516,25
"0900186370",2012,"Total",18201,25
"0900302060",2012,"Total",18049,26
"0900304300",2012,"Total",19974,23
"0900305910",2012,"Total",20470,51
"0900308490",2012,"Total",60502,56
"0900310100",2012,"Total",9293,19
"0900312270",2012,"Total",10243,19
"0900322070",2012,"Total",5055,135
"0900322630",2012,"Total",51171,77
"0900324800",2012,"Total",11196,49
"0900325990",2012,"Total",44699,46
"0900327600",2012,"Total",25329,31
"0900331240",2012,"Total",34401,38
"0900332640",2012,"Total",11243,26
"0900337070",2012,"Total",124879,104
"0900337140",2012,"Total",2198,132
"0900344700",2012,"Total",58078,44
"0900345820",2012,"Total",6382,18
"0900350440",2012,"Total",73122,37
"0900352140",2012,"Total",30520,38
"0900360120",2012,"Total",17726,21
"0900365370",2012,"Total",19631,33
"0900368940",2012,"Total",23535,22
"0900370550",2012,"Total",43038,42
"0900371390",2012,"Total",25684,38
"0900374540",2012,"Total",15692,23
"0900382590",2012,"Total",63157,37
"0900384900",2012,"Total",26670,33
"0900387000",2012,"Total",29067,45
"0900387070",2012,"Total",12500,24
"0900502760",2012,"Total",3791,41
"0900504930",2012,"Total",3594,16
"0900508210",2012,"Total",1704,112
"0900510940",2012,"Total",1195,95
"0900516050",2012,"Total",1493,100
"0900517240",2012,"Total",1393,200
"0900532290",2012,"Total",2957,23
"0900537280",2012,"Total",5620,29
"0900540290",2012,"Total",2971,14
"0900543370",2012,"Total",8454,29
"0900549460",2012,"Total",2469,195
"0900551350",2012,"Total",6924,18
"0900552630",2012,"Total",28067,31
"0900553470",2012,"Total",1492,149
"0900554030",2012,"Total",3301,21
"0900560750",2012,"Total",12193,18
"0900565930",2012,"Total",2322,175
"0900566420",2012,"Total",3747,17
"0900567960",2012,"Total",2789,15
"0900575730",2012,"Total",7865,32
"0900576570",2012,"Total",36239,37
"0900579510",2012,"Total",1560,141
"0900579720",2012,"Total",3574,21
"0900580490",2012,"Total",22449,22
"0900586440",2012,"Total",11189,21
"0900587910",2012,"Total",9925,22
"0900700000",2012,"Total",0,12
"0900714300",2012,"Total",4090,31
"0900715350",2012,"Total",13259,33
"0900718080",2012,"Total",14059,40
"0900719130",2012,"Total",4636,20
"0900720810",2012,"Total",7368,22
"0900722280",2012,"Total",9120,21
"0900722490",2012,"Total",12953,20
"0900726270",2012,"Total",6682,17
"0900735230",2012,"Total",8308,35
"0900740710",2012,"Total",6512,18
"0900747080",2012,"Total",4426,19
"0900747360",2012,"Total",47530,62
"0900757320",2012,"Total",10268,21
"0900761800",2012,"Total",9500,65
"0900781680",2012,"Total",6928,39
"0900900000",2012,"Total",0,12
"0900901220",2012,"Total",19188,34
"0900903250",2012,"Total",6015,22
"0900904580",2012,"Total",5524,42
"0900907310",2012,"Total",28062,34
"0900914160",2012,"Total",29253,26
"0900919550",2012,"Total",12858,23
"0900922910",2012,"Total",29188,39
"0900934950",2012,"Total",22353,39
"0900935650",2012,"Total",60735,60
"0900944560",2012,"Total",18264,22
"0900946520",2012,"Total",60674,38
"0900946940",2012,"Total",7522,20
"0900947535",2012,"Total",52826,30
"0900949950",2012,"Total",31795,28
"0900952070",2012,"Total",129898,57
"0900953890",2012,"Total",14369,27
"0900954870",2012,"Total",24037,42
"0900957600",2012,"Total",13919,27
"0900958300",2012,"Total",12602,21
"0900962290",2012,"Total",9450,22
"0900967610",2012,"Total",16487,38
"0900969640",2012,"Total",19841,34
"0900978740",2012,"Total",45047,37
"0900980070",2012,"Total",110074,59
"0900982870",2012,"Total",55386,54
"0900987560",2012,"Total",16638,26
"0900987700",2012,"Total",8990,25
"0901100000",2012,"Total",0,12
"0901106820",2012,"Total",2605,45
"0901115910",2012,"Total",16044,20
"0901123400",2012,"Total",19168,71
"0901129910",2012,"Total",1984,122
"0901133900",2012,"Total",11907,33
"0901134250",2012,"Total",40079,47
"0901142390",2012,"Total",7289,32
"0901142600",2012,"Total",15046,26
"0901143230",2012,"Total",4333,19
"0901144210",2012,"Total",2359,114
"0901148900",2012,"Total",19587,34
"0901152350",2012,"Total",27613,54
"0901155500",2012,"Total",5292,24
"0901156270",2012,"Total",40322,44
"0901157040",2012,"Total",7600,27
"0901162150",2012,"Total",4736,19
"0901166210",2012,"Total",4151,19
"0901171670",2012,"Total",2982,23
"0901173770",2012,"Total",18528,23
"0901178600",2012,"Total",2599,22
"0901180280",2012,"Total",19499,32
"0901301080",2012,"Total",3185,144
"0901306260",2012,"Total",4990,21
"0901316400",2012,"Total",5464,25
"0901317800",2012,"Total",12445,52
"0901325360",2012,"Total",15549,39
"0901337910",2012,"Total",9649,22
"0901344910",2012,"Total",26182,23
"0901369220",2012,"Total",11451,19
"0901372090",2012,"Total",12058,23
"0901376290",2012,"Total",14980,22
"0901377830",2012,"Total",954,146
"0901378250",2012,"Total",29188,27
"0901385950",2012,"Total",6042,19
"0901501430",2012,"Total",4306,19
"0901509190",2012,"Total",8180,17
"0901512130",2012,"Total",5111,25
"0901513810",2012,"Total",2412,174
"0901521860",2012,"Total",1690,132
"0901536000",2012,"Total",1799,143
"0901540500",2012,"Total",17345,25
"0901559980",2012,"Total",15358,22
"0901561030",2012,"Total",4231,22
"0901562710",2012,"Total",9562,39
"0901567400",2012,"Total",1725,126
"0901573420",2012,"Total",3786,24
"0901575870",2012,"Total",9429,22
"0901586790",2012,"Total",25178,28
"0901588190",2012,"Total",7934,22
"09",2013,"Total",3583561,0
"0900104720",2013,"Total",18887,29
"0900108070",2013,"Total",145587,59
"0900108980",2013,"Total",16614,28
"0900118500",2013,"Total",81967,54
"0900118850",2013,"Total",20925,60
"0900123890",2013,"Total",7550,31
"0900126620",2013,"Total",60126,43
"0900133620",2013,"Total",61733,39
"0900148620",2013,"Total",19631,32
"0900150580",2013,"Total",19938,41
"0900150860",2013,"Total",14010,37
"0900152980",2013,"Total",27772,33
"0900156060",2013,"Total",86499,49
"0900163480",2013,"Total",9207,34
"0900163970",2013,"Total",24831,48
"0900168170",2013,"Total",40006,41
"0900168310",2013,"Total",3627,23
"0900173070",2013,"Total",123995,56
"0900174190",2013,"Total",51694,39
"0900177200",2013,"Total",36251,60
"0900183430",2013,"Total",10261,24
"0900183500",2013,"Total",26769,41
"0900186370",2013,"Total",18353,30
"0900302060",2013,"Total",18205,27
"0900304300",2013,"Total",20179,28
"0900305910",2013,"Total",20562,37
"0900308490",2013,"Total",60536,32
"0900310100",2013,"Total",9384,45
"0900312270",2013,"Total",10304,19
"0900322070",2013,"Total",5036,119
"0900322630",2013,"Total",51241,56
"0900324800",2013,"Total",11281,29
"0900325990",2013,"Total",44699,54
"0900327600",2013,"Total",25429,28
"0900331240",2013,"Total",34551,28
"0900332640",2013,"Total",11284,28
"0900337070",2013,"Total",125130,80
"0900337140",2013,"Total",2257,120
"0900344700",2013,"Total",58196,34
"0900345820",2013,"Total",6398,30
"0900350440",2013,"Total",73112,35
"0900352140",2013,"Total",30606,34
"0900360120",2013,"Total",17767,24
"0900365370",2013,"Total",19743,47
"0900368940",2013,"Total",23591,31
"0900370550",2013,"Total",43288,25
"0900371390",2013,"Total",25756,29
"0900374540",2013,"Total",15731,24
"0900382590",2013,"Total",63340,41
"0900384900",2013,"Total",26590,86
"0900387000",2013,"Total",29100,34
"0900387070",2013,"Total",12531,24
"0900502760",2013,"Total",3772,18
"0900504930",2013,"Total",3585,18
"0900508210",2013,"Total",1729,110
"0900510940",2013,"Total",1148,108
"0900516050",2013,"Total",1523,119
"0900517240",2013,"Total",1519,188
"0900532290",2013,"Total",2953,29
"0900537280",2013,"Total",5636,54
"0900540290",2013,"Total",2964,16
"0900543370",2013,"Total",8406,22
"0900549460",2013,"Total",2380,127
"0900551350",2013,"Total",6932,23
"0900552630",2013,"Total",27983,27
"0900553470",2013,"Total",1497,154
"0900554030",2013,"Total",3286,17
"0900560750",2013,"Total",12148,38
"0900565930",2013,"Total",2301,204
"0900566420",2013,"Total",3722,19
"0900567960",2013,"Total",2769,18
"0900575730",2013,"Total",7831,18
"0900576570",2013,"Total",36061,38
"0900579510",2013,"Total",1475,124
"0900579720",2013,"Total",3562,22
"0900580490",2013,"Total",22387,25
"0900586440",2013,"Total",11150,32
"0900587910",2013,"Total",9910,32
"0900700000",2013,"Total",0,12
"0900714300",2013,"Total",4154,16
"0900715350",2013,"Total",13239,31
"0900718080",2013,"Total",14076,21
"0900719130",2013,"Total",4615,19
"0900720810",2013,"Total",7380,26
"0900722280",2013,"Total",9138,19
"0900722490",2013,"Total",12949,22
"0900726270",2013,"Total",6668,20
"0900735230",2013,"Total",8343,26
"0900740710",2013,"Total",6501,25
"0900747080",2013,"Total",4421,21
"0900747360",2013,"Total",47539,41
"0900757320",2013,"Total",10258,26
"0900761800",2013,"Total",9487,25
"0900781680",2013,"Total",6922,22
"0900900000",2013,"Total",0,12
"0900901220",2013,"Total",19163,27
"0900903250",2013,"Total",6038,33
"0900904580",2013,"Total",5555,31
"0900907310",2013,"Total",28025,26
"0900914160",2013,"Total",29264,44
"0900919550",2013,"Total",12841,41
"0900922910",2013,"Total",29167,42
"0900934950",2013,"Total",22377,27
"0900935650",2013,"Total",61468,38
"0900944560",2013,"Total",18289,38
"0900946520",2013,"Total",60691,71
"0900946940",2013,"Total",7550,38
"0900947535",2013,"Total",52894,44
"0900949950",2013,"Total",31786,23
"0900952070",2013,"Total",130338,89
"0900953890",2013,"Total",14383,21
"0900954870",2013,"Total",24011,27
"0900957600",2013,"Total",13934,37
"0900958300",2013,"Total",12736,19
"0900962290",2013,"Total",9520,23
"0900967610",2013,"Total",16535,24
"0900969640",2013,"Total",19864,26
"0900978740",2013,"Total",45112,43
"0900980070",2013,"Total",110052,40
"0900982870",2013,"Total",55349,67
"0900987560",2013,"Total",16688,24
"0900987700",2013,"Total",8981,24
"0901100000",2013,"Total",0,12
"0901106820",2013,"Total",2618,42
"0901115910",2013,"Total",16119,21
"0901123400",2013,"Total",19119,33
"0901129910",2013,"Total",1950,107
"0901133900",2013,"Total",11959,38
"0901134250",2013,"Total",40126,42
"0901142390",2013,"Total",7322,36
"0901142600",2013,"Total",15051,47
"0901143230",2013,"Total",4334,20
"0901144210",2013,"Total",2417,106
"0901148900",2013,"Total",19621,32
"0901152350",2013,"Total",27588,41
"0901155500",2013,"Total",5291,18
"0901156270",2013,"Total",40424,50
"0901157040",2013,"Total",7598,21
"0901162150",2013,"Total",4751,41
"0901166210",2013,"Total",4173,20
"0901171670",2013,"Total",2986,20
"0901173770",2013,"Total",18527,39
"0901178600",2013,"Total",2608,19
"0901180280",2013,"Total",19508,28
"0901301080",2013,"Total",3095,145
"0901306260",2013,"Total",4971,22
"0901316400",2013,"Total",5476,22
"0901317800",2013,"Total",12435,20
"0901325360",2013,"Total",15675,35
"0901337910",2013,"Total",9638,30
"0901344910",2013,"Total",26379,37
"0901369220",2013,"Total",11447,20
"0901372090",2013,"Total",12035,28
"0901376290",2013,"Total",14977,51
"0901377830",2013,"Total",1041,144
"0901378250",2013,"Total",29179,33
"0901385950",2013,"Total",6018,16
"0901501430",2013,"Total",4301,16
"0901509190",2013,"Total",8220,19
"0901512130",2013,"Total",5119,21
"0901513810",2013,"Total",2408,145
"0901521860",2013,"Total",1650,133
"0901536000",2013,"Total",1815,119
"0901540500",2013,"Total",17317,22
"0901559980",2013,"Total",15320,30
"0901561030",2013,"Total",4219,21
"0901562710",2013,"Total",9548,42
"0901567400",2013,"Total",1739,110
"0901573420",2013,"Total",3801,14
"0901575870",2013,"Total",9411,16
"0901586790",2013,"Total",25315,26
"0901588190",2013,"Total",7932,20
"09",2014,"Total",3592053,0
"0900104720",2014,"Total",19078,22
"0900108070",2014,"Total",146680,56
"0900108980",2014,"Total",16774,26
"0900118500",2014,"Total",82781,52
"0900118850",2014,"Total",21190,26
"0900123890",2014,"Total",7593,26
"0900126620",2014,"Total",60678,41
"0900133620",2014,"Total",62141,38
"0900148620",2014,"Total",19744,24
"0900150580",2014,"Total",20073,64
"0900150860",2014,"Total",14079,24
"0900152980",2014,"Total",27960,34
"0900156060",2014,"Total",87214,42
"0900163480",2014,"Total",9267,30
"0900163970",2014,"Total",25025,42
"0900168170",2014,"Total",40472,51
"0900168310",2014,"Total",3636,25
"0900173070",2014,"Total",125401,51
"0900174190",2014,"Total",52092,30
"0900177200",2014,"Total",36444,37
"0900183430",2014,"Total",10319,33
"0900183500",2014,"Total",27055,25
"0900186370",2014,"Total",18519,26
"0900302060",2014,"Total",18298,28
"0900304300",2014,"Total",20352,25
"0900305910",2014,"Total",20626,39
"0900308490",2014,"Total",60556,56
"0900310100",2014,"Total",9443,19
"0900312270",2014,"Total",10334,22
"0900322070",2014,"Total",5098,134
"0900322630",2014,"Total",51211,61
"0900324800",2014,"Total",11353,21
"0900325990",2014,"Total",44713,58
"0900327600",2014,"Total",25515,30
"0900331240",2014,"Total",34661,30
"0900332640",2014,"Total",11310,21
"0900337070",2014,"Total",125211,88
"0900337140",2014,"Total",2211,137
"0900344700",2014,"Total",58270,78
"0900345820",2014,"Total",6428,20
"0900350440",2014,"Total",73095,39
"0900352140",2014,"Total",30652,30
"0900360120",2014,"Total",17791,26
"0900365370",2014,"Total",19838,27
"0900368940",2014,"Total",23681,36
"0900370550",2014,"Total",43509,31
"0900371390",2014,"Total",25795,33
"0900374540",2014,"Total",15764,41
"0900382590",2014,"Total",63396,41
"0900384900",2014,"Total",26579,26
"0900387000",2014,"Total",29130,44
"0900387070",2014,"Total",12554,23
"0900502760",2014,"Total",3749,22
"0900504930",2014,"Total",3551,18
"0900508210",2014,"Total",1747,116
"0900510940",2014,"Total",1240,144
"0900516050",2014,"Total",1594,131
"0900517240",2014,"Total",1505,203
"0900532290",2014,"Total",2956,29
"0900537280",2014,"Total",5592,27
"0900540290",2014,"Total",2951,19
"0900543370",2014,"Total",8365,19
"0900549460",2014,"Total",2289,148
"0900551350",2014,"Total",6910,34
"0900552630",2014,"Total",27821,42
"0900553470",2014,"Total",1486,198
"0900554030",2014,"Total",3262,16
"0900560750",2014,"Total",12085,20
"0900565930",2014,"Total",2273,166
"0900566420",2014,"Total",3708,28
"0900567960",2014,"Total",2746,29
"0900575730",2014,"Total",7793,22
"0900576570",2014,"Total",35774,56
"0900579510",2014,"Total",1390,92
"0900579720",2014,"Total",3529,23
"0900580490",2014,"Total",22286,33
"0900586440",2014,"Total",11089,45
"0900587910",2014,"Total",9851,18
"0900700000",2014,"Total",0,12
"0900714300",2014,"Total",4223,23
"0900715350",2014,"Total",13188,44
"0900718080",2014,"Total",14077,54
"0900719130",2014,"Total",4611,38
"0900720810",2014,"Total",7371,17
"0900722280",2014,"Total",9142,20
"0900722490",2014,"Total",12936,24
"0900726270",2014,"Total",6643,33
"0900735230",2014,"Total",8356,17
"0900740710",2014,"Total",6516,42
"0900747080",2014,"Total",4426,21
"0900747360",2014,"Total",47424,58
"0900757320",2014,"Total",10222,46
"0900761800",2014,"Total",9483,28
"0900781680",2014,"Total",6916,21
"0900900000",2014,"Total",0,12
"0900901220",2014,"Total",19128,31
"0900903250",2014,"Total",6065,26
"0900904580",2014,"Total",5546,24
"0900907310",2014,"Total",28066,31
"0900914160",2014,"Total",29272,31
"0900919550",2014,"Total",12837,23
"0900922910",2014,"Total",29139,35
"0900934950",2014,"Total",22405,25
"0900935650",2014,"Total",61605,66
"0900944560",2014,"Total",18284,21
"0900946520",2014,"Total",60616,33
"0900946940",2014,"Total",7575,26
"0900947535",2014,"Total",53039,33
"0900949950",2014,"Total",31790,26
"0900952070",2014,"Total",130553,48
"0900953890",2014,"Total",14387,41
"0900954870",2014,"Total",23997,29
"0900957600",2014,"Total",13947,33
"0900958300",2014,"Total",12831,26
"0900962290",2014,"Total",9615,21
"0900967610",2014,"Total",16551,28
"0900969640",2014,"Total",19876,35
"0900978740",2014,"Total",45154,33
"0900980070",2014,"Total",109887,44
"0900982870",2014,"Total",55290,76
"0900987560",2014,"Total",16724,29
"0900987700",2014,"Total",8969,23
"0901100000",2014,"Total",0,12
"0901106820",2014,"Total",2631,19
"0901115910",2014,"Total",16143,24
"0901123400",2014,"Total",19118,32
"0901129910",2014,"Total",1993,98
"0901133900",2014,"Total",11952,25
"0901134250",2014,"Total",40136,43
"0901142390",2014,"Total",7314,16
"0901142600",2014,"Total",15090,55
"0901143230",2014,"Total",4340,19
"0901144210",2014,"Total",2367,98
"0901148900",2014,"Total",19649,31
"0901152350",2014,"Total",27536,41
"0901155500",2014,"Total",5293,19
"0901156270",2014,"Total",40378,79
"0901157040",2014,"Total",7587,22
"0901162150",2014,"Total",4735,27
"0901166210",2014,"Total",4176,22
"0901171670",2014,"Total",2993,31
"0901173770",2014,"Total",18539,28
"0901178600",2014,"Total",2602,16
"0901180280",2014,"Total",19499,33
"0901301080",2014,"Total",3181,151
"0901306260",2014,"Total",4963,20
"0901316400",2014,"Total",5472,18
"0901317800",2014,"Total",12434,31
"0901325360",2014,"Total",15725,30
"0901337910",2014,"Total",9627,19
"0901344910",2014,"Total",26328,27
"0901369220",2014,"Total",11431,42
"0901372090",2014,"Total",12013,62
"0901376290",2014,"Total",14971,26
"0901377830",2014,"Total",950,155
"0901378250",2014,"Total",29162,24
"0901385950",2014,"Total",5994,21
"0901501430",2014,"Total",4297,23
"0901509190",2014,"Total",8240,18
"0901512130",2014,"Total",5110,15
"0901513810",2014,"Total",2256,162
"0901521860",2014,"Total",1726,108
"0901536000",2014,"Total",1912,111
"0901540500",2014,"Total",17281,41
"0901559980",2014,"Total",15270,20
"0901561030",2014,"Total",4216,17
"0901562710",2014,"Total",9515,30
"0901567400",2014,"Total",1709,110
"0901573420",2014,"Total",3809,20
"0901575870",2014,"Total",9390,21
"0901586790",2014,"Total",25271,24
"0901588190",2014,"Total",7916,19
"09",2015,"Total",3593222,0
"0900104720",2015,"Total",19240,60
"0900108070",2015,"Total",147340,80
"0900108980",2015,"Total",16904,27
"0900118500",2015,"Total",83476,57
"0900118850",2015,"Total",21392,24
"0900123890",2015,"Total",7619,29
"0900126620",2015,"Total",61016,81
"0900133620",2015,"Total",62434,57
"0900148620",2015,"Total",19807,28
"0900150580",2015,"Total",20219,34
"0900150860",2015,"Total",14117,24
"0900152980",2015,"Total",28012,55
"0900156060",2015,"Total",87701,41
"0900163480",2015,"Total",9299,24
"0900163970",2015,"Total",25137,54
"0900168170",2015,"Total",40783,26
"0900168310",2015,"Total",3649,36
"0900173070",2015,"Total",126592,51
"0900174190",2015,"Total",52316,32
"0900177200",2015,"Total",36571,26
"0900183430",2015,"Total",10373,35
"0900183500",2015,"Total",27343,23
"0900186370",2015,"Total",18643,27
"0900302060",2015,"Total",18335,37
"0900304300",2015,"Total",20486,34
"0900305910",2015,"Total",20679,33
"0900308490",2015,"Total",60554,57
"0900310100",2015,"Total",9499,19
"0900312270",2015,"Total",10336,22
"0900322070",2015,"Total",5123,133
"0900322630",2015,"Total",51137,61
"0900324800",2015,"Total",11387,28
"0900325990",2015,"Total",44587,41
"0900327600",2015,"Total",25563,27
"0900331240",2015,"Total",34685,36
"0900332640",2015,"Total",11310,21
"0900337070",2015,"Total",124795,99
"0900337140",2015,"Total",2196,129
"0900344700",2015,"Total",58187,45
"0900345820",2015,"Total",6439,21
"0900350440",2015,"Total",72988,39
"0900352140",2015,"Total",30638,43
"0900360120",2015,"Total",17791,33
"0900365370",2015,"Total",19839,59
"0900368940",2015,"Total",23844,35
"0900370550",2015,"Total",43625,40
"0900371390",2015,"Total",25806,32
"0900374540",2015,"Total",15657,28
"0900382590",2015,"Total",63288,33
"0900384900",2015,"Total",26510,31
"0900387000",2015,"Total",29095,31
"0900387070",2015,"Total",12564,39
"0900502760",2015,"Total",3731,19
"0900504930",2015,"Total",3523,19
"0900508210",2015,"Total",1679,104
"0900510940",2015,"Total",1149,139
"0900516050",2015,"Total",1633,155
"0900517240",2015,"Total",1362,125
"0900532290",2015,"Total",2943,33
"0900537280",2015,"Total",5571,21
"0900540290",2015,"Total",2917,22
"0900543370",2015,"Total",8306,35
"0900549460",2015,"Total",2314,170
"0900551350",2015,"Total",6853,27
"0900552630",2015,"Total",27670,30
"0900553470",2015,"Total",1550,165
"0900554030",2015,"Total",3239,16
"0900560750",2015,"Total",12004,20
"0900565930",2015,"Total",2271,190
"0900566420",2015,"Total",3685,21
"0900567960",2015,"Total",2736,16
"0900575730",2015,"Total",7736,19
"0900576570",2015,"Total",35493,60
"0900579510",2015,"Total",1464,107
"0900579720",2015,"Total",3517,21
"0900580490",2015,"Total",22161,37
"0900586440",2015,"Total",11006,38
"0900587910",2015,"Total",9791,32
"0900700000",2015,"Total",0,12
"0900714300",2015,"Total",4263,20
"0900715350",2015,"Total",13167,42
"0900718080",2015,"Total",14086,25
"0900719130",2015,"Total",4571,19
"0900720810",2015,"Total",7349,24
"0900722280",2015,"Total",9139,20
"0900722490",2015,"Total",12915,23
"0900726270",2015,"Total",6634,21
"0900735230",2015,"Total",8338,23
"0900740710",2015,"Total",6490,20
"0900747080",2015,"Total",4427,33
"0900747360",2015,"Total",47218,35
"0900757320",2015,"Total",10213,21
"0900761800",2015,"Total",9447,28
"0900781680",2015,"Total",6908,21
"0900900000",2015,"Total",0,12
"0900901220",2015,"Total",19035,46
"0900903250",2015,"Total",6069,28
"0900904580",2015,"Total",5533,32
"0900907310",2015,"Total",28074,40
"0900914160",2015,"Total",29254,37
"0900919550",2015,"Total",12796,25
"0900922910",2015,"Total",29104,76
"0900934950",2015,"Total",22392,25
"0900935650",2015,"Total",61523,41
"0900944560",2015,"Total",18259,40
"0900946520",2015,"Total",60439,42
"0900946940",2015,"Total",7597,32
"0900947535",2015,"Total",53206,42
"0900949950",2015,"Total",31722,28
"0900952070",2015,"Total",130612,50
"0900953890",2015,"Total",14354,37
"0900954870",2015,"Total",23937,24
"0900957600",2015,"Total",13946,29
"0900958300",2015,"Total",12874,42
"0900962290",2015,"Total",9678,34
"0900967610",2015,"Total",16545,27
"0900969640",2015,"Total",19790,30
"0900978740",2015,"Total",45089,34
"0900980070",2015,"Total",109551,44
"0900982870",2015,"Total",55189,43
"0900987560",2015,"Total",16717,23
"0900987700",2015,"Total",8939,23
"0901100000",2015,"Total",0,12
"0901106820",2015,"Total",2620,25
"0901115910",2015,"Total",16142,25
"0901123400",2015,"Total",18876,45
"0901129910",2015,"Total",1931,100
"0901133900",2015,"Total",11922,19
"0901134250",2015,"Total",39986,43
"0901142390",2015,"Total",7295,20
"0901142600",2015,"Total",15057,32
"0901143230",2015,"Total",4330,24
"0901144210",2015,"Total",2454,108
"0901148900",2015,"Total",19635,28
"0901152350",2015,"Total",27423,33
"0901155500",2015,"Total",5276,23
"0901156270",2015,"Total",40254,34
"0901157040",2015,"Total",7565,21
"0901162150",2015,"Total",4729,27
"0901166210",2015,"Total",4193,36
"0901171670",2015,"Total",2977,18
"0901173770",2015,"Total",18492,29
"0901178600",2015,"Total",2601,28
"0901180280",2015,"Total",19427,34
"0901301080",2015,"Total",3217,165
"0901306260",2015,"Total",4959,21
"0901316400",2015,"Total",5460,17
"0901317800",2015,"Total",12450,30
"0901325360",2015,"Total",15791,20
"0901337910",2015,"Total",9611,27
"0901344910",2015,"Total",26158,23
"0901369220",2015,"Total",11437,33
"0901372090",2015,"Total",11942,28
"0901376290",2015,"Total",14935,21
"0901377830",2015,"Total",913,163
"0901378250",2015,"Total",29114,33
"0901385950",2015,"Total",5961,22
"0901501430",2015,"Total",4281,20
"0901509190",2015,"Total",8255,20
"0901512130",2015,"Total",5097,25
"0901513810",2015,"Total",2264,173
"0901521860",2015,"Total",1765,110
"0901536000",2015,"Total",1850,118
"0901540500",2015,"Total",17250,42
"0901559980",2015,"Total",15207,24
"0901561030",2015,"Total",4202,26
"0901562710",2015,"Total",9468,27
"0901567400",2015,"Total",1692,137
"0901573420",2015,"Total",3794,20
"0901575870",2015,"Total",9357,22
"0901586790",2015,"Total",25104,62
"0901588190",2015,"Total",7884,29
"09",2016,"Total",3588570,0
"0900104720",2016,"Total",19369,31
"0900108070",2016,"Total",147022,78
"0900108980",2016,"Total",16970,25
"0900118500",2016,"Total",83890,54
"0900118850",2016,"Total",21519,28
"0900123890",2016,"Total",7591,37
"0900126620",2016,"Total",61114,35
"0900133620",2016,"Total",62418,41
"0900148620",2016,"Total",19784,33
"0900150580",2016,"Total",20248,32
"0900150860",2016,"Total",14075,42
"0900152980",2016,"Total",27990,26
"0900156060",2016,"Total",87930,46
"0900163480",2016,"Total",9276,20
"0900163970",2016,"Total",25125,34
"0900168170",2016,"Total",40979,33
"0900168310",2016,"Total",3657,17
"0900173070",2016,"Total",127410,58
"0900174190",2016,"Total",52300,40
"0900177200",2016,"Total",36477,45
"0900183430",2016,"Total",10347,19
"0900183500",2016,"Total",27511,25
"0900186370",2016,"Total",18616,41
"0900302060",2016,"Total",18352,37
"0900304300",2016,"Total",20529,29
"0900305910",2016,"Total",20687,36
"0900308490",2016,"Total",60437,36
"0900310100",2016,"Total",9540,22
"0900312270",2016,"Total",10319,38
"0900322070",2016,"Total",5236,120
"0900322630",2016,"Total",50834,42
"0900324800",2016,"Total",11393,23
"0900325990",2016,"Total",44515,36
"0900327600",2016,"Total",25569,25
"0900331240",2016,"Total",34677,29
"0900332640",2016,"Total",11292,21
"0900337070",2016,"Total",124320,49
"0900337140",2016,"Total",2087,117
"0900344700",2016,"Total",58073,32
"0900345820",2016,"Total",6426,18
"0900350440",2016,"Total",72876,40
"0900352140",2016,"Total",30590,33
"0900360120",2016,"Total",17772,25
"0900365370",2016,"Total",19920,37
"0900368940",2016,"Total",24015,37
"0900370550",2016,"Total",43675,29
"0900371390",2016,"Total",25793,43
"0900374540",2016,"Total",15618,23
"0900382590",2016,"Total",63187,35
"0900384900",2016,"Total",26396,29
"0900387000",2016,"Total",29034,35
"0900387070",2016,"Total",12537,32
"0900502760",2016,"Total",3710,17
"0900504930",2016,"Total",3492,27
"0900508210",2016,"Total",1668,114
"0900510940",2016,"Total",1181,125
"0900516050",2016,"Total",1585,153
"0900517240",2016,"Total",1336,105
"0900532290",2016,"Total",2919,19
"0900537280",2016,"Total",5541,24
"0900540290",2016,"Total",2881,27
"0900543370",2016,"Total",8277,29
"0900549460",2016,"Total",2353,153
"0900551350",2016,"Total",6824,21
"0900552630",2016,"Total",27501,31
"0900553470",2016,"Total",1447,138
"0900554030",2016,"Total",3230,26
"0900560750",2016,"Total",11926,20
"0900565930",2016,"Total",2260,187
"0900566420",2016,"Total",3669,23
"0900567960",2016,"Total",2726,18
"0900575730",2016,"Total",7699,33
"0900576570",2016,"Total",35227,32
"0900579510",2016,"Total",1495,132
"0900579720",2016,"Total",3497,21
"0900580490",2016,"Total",22048,38
"0900586440",2016,"Total",10926,24
"0900587910",2016,"Total",9723,20
"0900700000",2016,"Total",0,12
"0900714300",2016,"Total",4290,31
"0900715350",2016,"Total",13072,58
"0900718080",2016,"Total",14049,28
"0900719130",2016,"Total",4552,40
"0900720810",2016,"Total",7322,18
"0900722280",2016,"Total",9098,19
"0900722490",2016,"Total",12878,28
"0900726270",2016,"Total",6594,24
"0900735230",2016,"Total",8303,34
"0900740710",2016,"Total",6464,17
"0900747080",2016,"Total",4403,18
"0900747360",2016,"Total",46933,50
"0900757320",2016,"Total",10174,18
"0900761800",2016,"Total",9404,39
"0900781680",2016,"Total",6902,22
"0900900000",2016,"Total",0,12
"0900901220",2016,"Total",18950,30
"0900903250",2016,"Total",6075,20
"0900904580",2016,"Total",5521,24
"0900907310",2016,"Total",28084,28
"0900914160",2016,"Total",29254,40
"0900919550",2016,"Total",12755,25
"0900922910",2016,"Total",29015,24
"0900934950",2016,"Total",22382,31
"0900935650",2016,"Total",61476,31
"0900944560",2016,"Total",18247,21
"0900946520",2016,"Total",60203,38
"0900946940",2016,"Total",7606,22
"0900947535",2016,"Total",53430,46
"0900949950",2016,"Total",31625,45
"0900952070",2016,"Total",130405,60
"0900953890",2016,"Total",14310,23
"0900954870",2016,"Total",23888,59
"0900957600",2016,"Total",13941,24
"0900958300",2016,"Total",12916,36
"0900962290",2016,"Total",9720,36
"0900967610",2016,"Total",16540,26
"0900969640",2016,"Total",19727,27
"0900978740",2016,"Total",44989,44
"0900980070",2016,"Total",109211,55
"0900982870",2016,"Total",54972,42
"0900987560",2016,"Total",16707,26
"0900987700",2016,"Total",8925,33
"0901100000",2016,"Total",0,12
"0901106820",2016,"Total",2607,19
"0901115910",2016,"Total",16112,19
"0901123400",2016,"Total",18929,32
"0901129910",2016,"Total",1965,88
"0901133900",2016,"Total",11848,25
"0901134250",2016,"Total",39763,34
"0901142390",2016,"Total",7259,20
"0901142600",2016,"Total",15008,25
"0901143230",2016,"Total",4323,28
"0901144210",2016,"Total",2392,84
"0901148900",2016,"Total",19505,36
"0901152350",2016,"Total",27218,67
"0901155500",2016,"Total",5276,35
"0901156270",2016,"Total",40057,34
"0901157040",2016,"Total",7539,27
"0901162150",2016,"Total",4716,19
"0901166210",2016,"Total",4169,23
"0901171670",2016,"Total",2952,27
"0901173770",2016,"Total",18477,29
"0901178600",2016,"Total",2586,17
"0901180280",2016,"Total",19332,55
"0901301080",2016,"Total",3211,148
"0901306260",2016,"Total",4950,25
"0901316400",2016,"Total",5456,18
"0901317800",2016,"Total",12446,23
"0901325360",2016,"Total",15880,34
"0901337910",2016,"Total",9580,20
"0901344910",2016,"Total",26009,25
"0901369220",2016,"Total",11368,39
"0901372090",2016,"Total",11906,54
"0901376290",2016,"Total",14904,23
"0901377830",2016,"Total",912,148
"0901378250",2016,"Total",29140,40
"0901385950",2016,"Total",5927,45
"0901501430",2016,"Total",4270,25
"0901509190",2016,"Total",8258,27
"0901512130",2016,"Total",5078,39
"0901513810",2016,"Total",2370,145
"0901521860",2016,"Total",1734,105
"0901536000",2016,"Total",1774,107
"0901540500",2016,"Total",17189,29
"0901559980",2016,"Total",15174,22
"0901561030",2016,"Total",4182,21
"0901562710",2016,"Total",9419,23
"0901567400",2016,"Total",1684,128
"0901573420",2016,"Total",3761,20
"0901575870",2016,"Total",9327,18
"0901586790",2016,"Total",24998,29
"0901588190",2016,"Total",7860,32
